{
	"info": {
		"_postman_id": "9aae46ea-2af9-462e-ab56-c72c93d5fa6d",
		"name": "PayRoll",
		"schema": "https://schema.getpostman.com/json/collection/v2.0.0/collection.json",
		"_exporter_id": "9524188",
		"_collection_link": "https://speeding-moon-156457.postman.co/workspace/Team-Workspace~85886ce9-6b53-494a-8e9f-ca6079d7fc0c/collection/9524188-9aae46ea-2af9-462e-ab56-c72c93d5fa6d?action=share&creator=9524188&source=collection_link"
	},
	"item": [
		{
			"name": "SalaryMatrix",
			"item": [
				{
					"name": "Add SalaryMatrix Bad Payload",
					"event": [
						{
							"listen": "prerequest",
							"script": {
								"exec": [
									"// let badMatrixPayload = pm.environment.get(\"badMatrixPayload\")",
									"",
									"// if (!badMatrixPayload|| badMatrixPayload.length==0){",
									"//     badMatrixPayload = [",
									"//         {",
									"//             \"basic_salary\":8000000,",
									"//             \"pay_cut\":200000,",
									"//             \"allowance\":200000,",
									"//             \"head_of_family\":3000000",
									"//         },",
									"//          {",
									"//             \"grade\":3,",
									"//             \"pay_cut\":200000,",
									"//             \"allowance\":200000,",
									"//             \"head_of_family\":3000000",
									"//         },",
									"//          {",
									"//             \"grade\":3,",
									"//             \"basic_salary\":8000000,",
									"//             \"pay_cut\":200000,",
									"//             \"head_of_family\":3000000",
									"//         },",
									"//          {",
									"//             \"grade\":3,",
									"//             \"basic_salary\":8000000,",
									"//             \"pay_cut\":200000,",
									"//             \"allowance\":200000,",
									"//         },",
									"//          {",
									"//             \"grade\":\"3\",",
									"//             \"basic_salary\":8000000,",
									"//             \"pay_cut\":200000,",
									"//             \"allowance\":200000,",
									"//             \"head_of_family\":3000000",
									"//         },",
									"//          {",
									"//             \"grade\":3,",
									"//             \"basic_salary\":\"8000000\",",
									"//             \"pay_cut\":200000,",
									"//             \"allowance\":200000,",
									"//             \"head_of_family\":3000000",
									"//         },",
									"//          {",
									"//             \"grade\":3,",
									"//             \"basic_salary\":8000000,",
									"//             \"pay_cut\":true,",
									"//             \"allowance\":200000,",
									"//             \"head_of_family\":3000000",
									"//         },",
									"",
									"//     ]",
									"// }",
									"",
									"// const currentBadMatrixPayload = badMatrixPayload.shift()",
									"// pm.environment.set(\"currentBadMatrixPayload\", JSON.stringify(currentBadMatrixPayload))",
									"// pm.environment.set(\"badMatrixPayload\", badMatrixPayload)"
								],
								"type": "text/javascript"
							}
						},
						{
							"listen": "test",
							"script": {
								"exec": [
									"pm.test(\"should return status code 400\", ()=>{",
									"    pm.expect(pm.response).to.have.status(400)",
									"})",
									"",
									"pm.test(\"response content-type should be application/json\", ()=>{",
									"    pm.expect(pm.response.headers.get(\"Content-Type\")).to.equal(\"application/json\")",
									"})",
									"",
									"pm.test(\"response should have correct property\", ()=>{",
									"    const responseJson = pm.response.json()",
									"    pm.expect(responseJson).haveOwnProperty(\"code\")",
									"    pm.expect(responseJson).haveOwnProperty(\"status\")",
									"    pm.expect(responseJson.code).to.equal(400)",
									"    pm.expect(responseJson.status).to.equal(\"fail\")",
									"})",
									"",
									"// const loopinguntilEmpty= () => {",
									"//     const badMatrixPayload = pm.environment.get(\"badMatrixPayload\")",
									"//     if (badMatrixPayload && badMatrixPayload.length>0){",
									"//         postman.setNextRequest(\"Add SalaryMatrix Bad Payload\")",
									"//     }",
									"// }",
									"",
									"// loopinguntilEmpty()"
								],
								"type": "text/javascript"
							}
						}
					],
					"request": {
						"method": "POST",
						"header": [],
						"body": {
							"mode": "raw",
							"raw": " {\n            \"basic_salary\":8000000,\n            \"pay_cut\":200000,\n            \"allowance\":200000,\n            \"head_of_family\":3000000\n        }",
							"options": {
								"raw": {
									"language": "json"
								}
							}
						},
						"url": "https://localhost/salarymatrix"
					},
					"response": []
				},
				{
					"name": "ADD SalaryMatrix",
					"event": [
						{
							"listen": "test",
							"script": {
								"exec": [
									"pm.test(\"response code should have 201\",()=>{",
									"    pm.expect(pm.response).to.have.status(201)",
									"})",
									"",
									"pm.test(\"response should be an object\", ()=>{",
									"    const reponseJson = pm.response.json()",
									"    pm.expect(reponseJson).to.be.an(\"object\")",
									"})",
									"",
									"pm.test(\"response should have correct property\",()=>{",
									"    let responseJson = pm.response.json()",
									"    pm.expect(responseJson).haveOwnProperty(\"code\")",
									"    pm.expect(responseJson).haveOwnProperty(\"status\")",
									"    pm.expect(responseJson).haveOwnProperty(\"data\")",
									"    pm.expect(responseJson.code).to.equal(201)",
									"    pm.expect(responseJson.status).to.equal(\"success\")",
									"    pm.expect(responseJson.data.salary_matrix.grade).not.equal(null)",
									"",
									"})",
									"",
									"// const loopinguntilempty = () =>{",
									"//     const validMatrixPayload = pm.environment.get('validMatrixPayload')",
									"//     if (validMatrixPayload && validMatrixPayload.length>0){",
									"//         postman.setNextRequest(\"ADD SalaryMatrix\")",
									"//     }",
									"// }",
									"",
									"// loopinguntilempty()"
								],
								"type": "text/javascript"
							}
						},
						{
							"listen": "prerequest",
							"script": {
								"exec": [
									"// let validMatrixPayload = pm.environment.get(\"validMatrixPayload\")",
									"",
									"// if (!validMatrixPayload || validMatrixPayload.length==0){",
									"//     validMatrixPayload = [",
									"//         {",
									"//             \"grade\":1,",
									"//             \"basic_salary\":5000000,",
									"//             \"pay_cut\":100000,",
									"//             \"allowance\":100000,",
									"//             \"head_of_family\":1000000",
									"//         },",
									"//         {",
									"//             \"grade\":2,",
									"//             \"basic_salary\":6900000,",
									"//             \"pay_cut\":150000,",
									"//             \"allowance\":200000,",
									"//             \"head_of_family\":2000000",
									"//         },",
									"//         {",
									"//             \"grade\":3,",
									"//             \"basic_salary\":8000000,",
									"//             \"pay_cut\":200000,",
									"//             \"allowance\":300000,",
									"//             \"head_of_family\":3000000",
									"//         },",
									"//          {",
									"//             \"grade\":4,",
									"//             \"basic_salary\":9000000,",
									"//             \"pay_cut\":300000,",
									"//             \"allowance\":400000,",
									"//             \"head_of_family\":4000000",
									"//         }, {",
									"//             \"grade\":5,",
									"//             \"basic_salary\":10000000,",
									"//             \"pay_cut\":400000,",
									"//             \"allowance\":500000,",
									"//             \"head_of_family\":5000000",
									"//         }, ",
									"//         {",
									"//             \"grade\":6,",
									"//             \"basic_salary\":11000000,",
									"//             \"pay_cut\":500000,",
									"//             \"allowance\":600000,",
									"//             \"head_of_family\":6000000",
									"//         },",
									"//     ]",
									"// }",
									"",
									"// const currentValidMatrixPayload = validMatrixPayload.shift()",
									"// pm.environment.set('currentValidMatrixPayload', JSON.stringify(currentValidMatrixPayload))",
									"// pm.environment.set('validMatrixPayload', validMatrixPayload)",
									"",
									"//     let matrixGrade = pm.environment.get(\"matrixGrade\")",
									"//     if(!matrixGrade && matrixGrade.length==0) {",
									"//         matrixGrade = [];",
									"//     } else {",
									"//         matrixGrade = JSON.parse(matrixGrade);",
									"//    }",
									"//    matrixGrade.push(currentValidMatrixPayload.grade)",
									"//    pm.environment.set(\"matrixGrade\", JSON.stringify(matrixGrade))"
								],
								"type": "text/javascript"
							}
						}
					],
					"request": {
						"method": "POST",
						"header": [],
						"body": {
							"mode": "raw",
							"raw": " {\n            \"grade\":6,\n            \"basic_salary\":11000000,\n            \"pay_cut\":500000,\n            \"allowance\":600000,\n            \"head_of_family\":6000000\n        }",
							"options": {
								"raw": {
									"language": "json"
								}
							}
						},
						"url": "https://localhost/salarymatrix"
					},
					"response": []
				},
				{
					"name": "Get All",
					"request": {
						"method": "GET",
						"header": [],
						"url": "https://localhost/salarymatrix"
					},
					"response": []
				}
			]
		},
		{
			"name": "Employee",
			"item": [
				{
					"name": "Add Employee Bad Payload",
					"event": [
						{
							"listen": "prerequest",
							"script": {
								"exec": [
									"// let badEmployeePayload = pm.environment.get(\"badEmployeePayload\")",
									"",
									"// if (!badEmployeePayload || badEmployeePayload.length==0){",
									"//     badEmployeePayload = [",
									"//         {},",
									"//        { ",
									"//            \"gender_employee\": \"P\",",
									"//            \"grade_employee\": 2,",
									"//            \"is_married\": true",
									"//         },",
									"//         { ",
									"//            \"name_employee\": \"Mely\",",
									"//            \"grade_employee\": 2,",
									"//            \"is_married\": true",
									"//         },",
									"//            { ",
									"//            \"name_employee\": \"Mely\",",
									"//            \"gender_employee\": \"P\",",
									"//            \"is_married\": true",
									"//         },",
									"//            { ",
									"//            \"name_employee\": \"Mely\",",
									"//            \"gender_employee\": \"P\",",
									"//            \"grade_employee\": 2,",
									"//         },",
									"//            { ",
									"//            \"name_employee\": 1,",
									"//            \"gender_employee\": \"P\",",
									"//            \"grade_employee\": 2,",
									"//            \"is_married\": true",
									"//         },",
									"//            { ",
									"//            \"name_employee\": \"Mely\",",
									"//            \"gender_employee\": true,",
									"//            \"grade_employee\": 2,",
									"//            \"is_married\": true",
									"//         },",
									"//            { ",
									"//            \"name_employee\": \"Mely\",",
									"//            \"gender_employee\": \"P\",",
									"//            \"grade_employee\": false,",
									"//            \"is_married\": true",
									"//         },",
									"//            { ",
									"//            \"name_employee\": \"Mely\",",
									"//            \"gender_employee\": \"P\",",
									"//            \"grade_employee\": 2,",
									"//            \"is_married\": 2",
									"//         },",
									"//     ]",
									"// }",
									"",
									"// const currentBadEmployeePayload = badEmployeePayload.shift()",
									"// pm.environment.set('currentBadEmployeePayLoad', JSON.stringify(currentBadEmployeePayload))",
									"// pm.environment.set('badEmployeePayload', badEmployeePayload)"
								],
								"type": "text/javascript"
							}
						},
						{
							"listen": "test",
							"script": {
								"exec": [
									"pm.test(\"should return status code 400\", ()=>{",
									"    pm.expect(pm.response).to.have.status(400)",
									"})",
									"",
									"pm.test(\"response content-type should be application/json\", ()=>{",
									"    pm.expect(pm.response.headers.get(\"Content-Type\")).to.equal(\"application/json\")",
									"})",
									"",
									"pm.test(\"response should have correct property\", ()=>{",
									"    const responseJson = pm.response.json()",
									"    pm.expect(responseJson).haveOwnProperty(\"code\")",
									"    pm.expect(responseJson).haveOwnProperty(\"status\")",
									"    pm.expect(responseJson.code).to.equal(400)",
									"    pm.expect(responseJson.status).to.equal(\"fail\")",
									"})",
									"",
									"// const loopinguntilempty = ()=>{",
									"//     const badEmployeePayload = pm.environment.get('badEmployeePayload')",
									"//     if (badEmployeePayload && badEmployeePayload.length>0){",
									"//         postman.setNextRequest('Add Employee Bad Payload')",
									"//     }",
									"// }",
									"",
									"// loopinguntilempty()"
								],
								"type": "text/javascript"
							}
						}
					],
					"request": {
						"method": "POST",
						"header": [],
						"body": {
							"mode": "raw",
							"raw": "  { \n           \"gender_employee\": \"P\",\n           \"grade_employee\": 2,\n           \"is_married\": true\n        }",
							"options": {
								"raw": {
									"language": "json"
								}
							}
						},
						"url": "https://localhost/employee"
					},
					"response": []
				},
				{
					"name": "Add Employee",
					"event": [
						{
							"listen": "prerequest",
							"script": {
								"exec": [
									"// let validEmployePayload = pm.environment.get('validEmployeePayload')",
									"",
									"// if (!validEmployePayload || validEmployePayload.length==0){",
									"//     validEmployePayload = [",
									"//         {",
									"//             \"name_employee\": \"Juanda\",",
									"//             \"gender_employee\": \"L\",",
									"//             \"is_married\": false",
									"//         },",
									"//         {",
									"//             \"name_employee\": \"Mely\",",
									"//             \"gender_employee\": \"P\",",
									"//             \"is_married\": true",
									"//         },",
									"//           {",
									"//             \"name_employee\": \"Antonius\",",
									"//             \"gender_employee\": \"L\",",
									"//             \"is_married\": true",
									"//         },",
									"//           {",
									"//             \"name_employee\": \"Miranda\",",
									"//             \"gender_employee\": \"P\",",
									"//             \"is_married\": false",
									"//         },",
									"//           {",
									"//             \"name_employee\": \"Julio\",",
									"//             \"gender_employee\": \"L\",",
									"//             \"is_married\": false",
									"//         },",
									"//           {",
									"//             \"name_employee\": \"Bella\",",
									"//             \"gender_employee\": \"P\",",
									"//             \"is_married\": false",
									"//         },",
									"//           {",
									"//             \"name_employee\": \"Aurin\",",
									"//             \"gender_employee\": \"P\",",
									"//             \"is_married\": false",
									"//         },",
									"//     ]",
									"// }",
									"",
									"",
									"",
									"// let matrixGrade = pm.environment.get('matrixGrade')",
									"// matrixGrade = JSON.parse(matrixGrade)",
									"// const pj = matrixGrade.length",
									"",
									"// function generateRandom(min = 1, max = pj) {",
									"",
									"//     let difference = max - min;",
									"",
									"//     let rand = Math.random();",
									"",
									"//     rand = Math.floor( rand * difference);",
									"",
									"//     rand = rand + min;",
									"",
									"//     return rand;",
									"// }",
									"// let randm = generateRandom()",
									"",
									"// let currentValidEmployeePayload = validEmployePayload.shift()",
									"// currentValidEmployeePayload.grade_employee = randm",
									"// pm.environment.set(\"currentNameEmploye\", JSON.stringify(currentValidEmployeePayload.name_employee))",
									"// pm.environment.set(\"currentGrade\", JSON.stringify(currentValidEmployeePayload.grade_employee))",
									"// pm.environment.set(\"currentGender\", JSON.stringify(currentValidEmployeePayload.gender_employee))",
									"// pm.environment.set(\"currentIsMarried\", JSON.stringify(currentValidEmployeePayload.is_married))",
									"// pm.environment.set('validEmployeePayload', validEmployePayload)",
									"",
									"",
									"",
									"",
									""
								],
								"type": "text/javascript"
							}
						},
						{
							"listen": "test",
							"script": {
								"exec": [
									"pm.test(\"response code should have 201\",()=>{",
									"    pm.expect(pm.response).to.have.status(201)",
									"})",
									"",
									"pm.test(\"response should be an object\", ()=>{",
									"    const reponseJson = pm.response.json()",
									"    pm.expect(reponseJson).to.be.an(\"object\")",
									"})",
									"",
									"pm.test(\"response should have correct property\",()=>{",
									"    let responseJson = pm.response.json()",
									"    pm.expect(responseJson).haveOwnProperty(\"code\")",
									"    pm.expect(responseJson).haveOwnProperty(\"status\")",
									"    pm.expect(responseJson).haveOwnProperty(\"data\")",
									"    pm.expect(responseJson.code).to.equal(201)",
									"    pm.expect(responseJson.status).to.equal(\"success\")",
									"",
									"})",
									"",
									"// const loopinguntilempty = () =>{",
									"//     const validEmployeePayload = pm.environment.get('validEmployeePayload')",
									"//     if (validEmployeePayload && validEmployeePayload.length>0){",
									"//         postman.setNextRequest(\"Add Employee\")",
									"//     }",
									"// }",
									"",
									"// loopinguntilempty()"
								],
								"type": "text/javascript"
							}
						}
					],
					"request": {
						"method": "POST",
						"header": [],
						"body": {
							"mode": "raw",
							"raw": " {\n    \"name_employee\": \"Smith\",\n    \"gender_employee\": \"P\",\n    \"grade_employee\": 1,\n    \"is_married\": true\n}",
							"options": {
								"raw": {
									"language": "json"
								}
							}
						},
						"url": "https://localhost/employee"
					},
					"response": []
				},
				{
					"name": "Show Employee",
					"request": {
						"method": "GET",
						"header": [],
						"url": "https://localhost/employee"
					},
					"response": []
				}
			]
		},
		{
			"name": "Payroll",
			"item": [
				{
					"name": "Add Payroll",
					"request": {
						"method": "POST",
						"header": [],
						"body": {
							"mode": "raw",
							"raw": "\n    {\n        \"employee_id\":\"employ-46a2227f-12c7-46f8-9135-6a663474502c\",\n        \"priode\": \"May-2023\",\n        \"hadir\": 20,\n        \"absen\":0\n    }",
							"options": {
								"raw": {
									"language": "json"
								}
							}
						},
						"url": "https://localhost/payroll"
					},
					"response": []
				},
				{
					"name": "Get By EmployeeID",
					"request": {
						"method": "GET",
						"header": [],
						"url": {
							"raw": "https://localhost/payroll?employeeId=employ-46a2227f-12c7-46f8-9135-6a663474502c",
							"protocol": "https",
							"host": [
								"localhost"
							],
							"path": [
								"payroll"
							],
							"query": [
								{
									"key": "employeeId",
									"value": "employ-46a2227f-12c7-46f8-9135-6a663474502c"
								}
							]
						}
					},
					"response": []
				},
				{
					"name": "Show ALL",
					"request": {
						"method": "GET",
						"header": [],
						"url": "https://localhost/payroll"
					},
					"response": []
				}
			]
		},
		{
			"name": "User",
			"item": [
				{
					"name": "Delete Cookies",
					"request": {
						"method": "GET",
						"header": [],
						"url": "https://localhost/cookies"
					},
					"response": []
				}
			]
		}
	]
}